-- ================================================================
-- SCRIPT PARA AGREGAR DATOS DE PRUEBA DE MOROSIDADES
-- ================================================================

-- Limpiar datos anteriores
BEGIN
    DELETE FROM PAGO_GASTO_COMUN WHERE anno_mes_pcgc IN (202508, 202509, 202510);
    DELETE FROM GASTO_COMUN WHERE anno_mes_pcgc IN (202508, 202509, 202510);
    COMMIT;
END;
/

-- Insertar periodos
BEGIN INSERT INTO PERIODO_COBRO_GASTO_COMUN VALUES(202508, 1); EXCEPTION WHEN OTHERS THEN NULL; END;
/
BEGIN INSERT INTO PERIODO_COBRO_GASTO_COMUN VALUES(202509, 1); EXCEPTION WHEN OTHERS THEN NULL; END;
/
BEGIN INSERT INTO PERIODO_COBRO_GASTO_COMUN VALUES(202510, 1); EXCEPTION WHEN OTHERS THEN NULL; END;
/

-- CASO 1: ALICIA OPAZO
BEGIN
    INSERT INTO GASTO_COMUN VALUES(202508, 10, 21, DATE '2025-08-01', DATE '2025-08-31', 50000, 2500, 1500, 5000, 0, 0, 0, 0, 0, 59000, DATE '2025-08-31', 3, 6868859);
    COMMIT;
END;
/

-- CASO 2: STEPHANIE DIAZ (con pago parcial)
BEGIN
    INSERT INTO GASTO_COMUN VALUES(202509, 10, 22, DATE '2025-09-01', DATE '2025-09-30', 45000, 2250, 1200, 4000, 0, 0, 0, 0, 0, 52450, DATE '2025-09-30', 2, 16044255);

    INSERT INTO PAGO_GASTO_COMUN (anno_mes_pcgc, id_edif, nro_depto, fecha_cancelacion_pgc, monto_cancelado_pgc, id_fpago)
    VALUES(202509, 10, 22, DATE '2025-10-05', 20000, 2);

    COMMIT;
END;
/

-- CASO 3: SANDRA ARIAS
BEGIN
    INSERT INTO GASTO_COMUN VALUES(202508, 10, 23, DATE '2025-08-01', DATE '2025-08-31', 80000, 4000, 2500, 8000, 15000, 0, 10000, 0, 0, 119500, DATE '2025-08-31', 3, 8948642);
    COMMIT;
END;
/

-- CASO 4: MARCIA BENITEZ - Periodo 1
BEGIN
    INSERT INTO GASTO_COMUN VALUES(202508, 10, 31, DATE '2025-08-01', DATE '2025-08-31', 55000, 2750, 1800, 6000, 0, 0, 0, 0, 0, 65550, DATE '2025-08-31', 3, 17046055);
    COMMIT;
END;
/

-- CASO 4: MARCIA BENITEZ - Periodo 2
BEGIN
    INSERT INTO GASTO_COMUN VALUES(202509, 10, 31, DATE '2025-09-01', DATE '2025-09-30', 55000, 2750, 1800, 6000, 0, 0, 0, 0, 0, 65550, DATE '2025-09-30', 3, 17046055);
    COMMIT;
END;
/

-- CASO 4: MARCIA BENITEZ - Periodo 3
BEGIN
    INSERT INTO GASTO_COMUN VALUES(202510, 10, 31, DATE '2025-10-01', DATE '2025-10-18', 55000, 2750, 1800, 6000, 0, 0, 0, 0, 0, 65550, DATE '2025-10-18', 3, 17046055);
    COMMIT;
END;
/

-- CASO 5: VALESKA GODOY (con pago parcial)
BEGIN
    INSERT INTO GASTO_COMUN VALUES(202509, 10, 32, DATE '2025-09-01', DATE '2025-09-30', 60000, 3000, 2000, 7000, 0, 0, 0, 0, 0, 72000, DATE '2025-09-30', 2, 13635211);

    INSERT INTO PAGO_GASTO_COMUN (anno_mes_pcgc, id_edif, nro_depto, fecha_cancelacion_pgc, monto_cancelado_pgc, id_fpago)
    VALUES(202509, 10, 32, DATE '2025-10-10', 10000, 2);

    COMMIT;
END;
/

-- CASO 6: LUIS ALVAREZ
BEGIN
    INSERT INTO GASTO_COMUN VALUES(202510, 10, 33, DATE '2025-10-01', DATE '2025-10-18', 48000, 2400, 1500, 5000, 15000, 8000, 12000, 0, 0, 91900, DATE '2025-10-18', 3, 16439752);
    COMMIT;
END;
/

-- CASO 7: HERNAN CASTRO
BEGIN
    INSERT INTO GASTO_COMUN VALUES(202508, 20, 101, DATE '2025-08-01', DATE '2025-08-31', 35000, 1750, 1000, 3500, 0, 0, 0, 0, 0, 41250, DATE '2025-08-31', 3, 21815820);
    COMMIT;
END;
/

-- CASO 8: PAMELA GATICA - Periodo 1
BEGIN
    INSERT INTO GASTO_COMUN VALUES(202509, 20, 102, DATE '2025-09-01', DATE '2025-09-30', 38000, 1900, 1100, 4000, 0, 0, 0, 0, 0, 45000, DATE '2025-09-30', 3, 16947140);
    COMMIT;
END;
/

-- CASO 8: PAMELA GATICA - Periodo 2
BEGIN
    INSERT INTO GASTO_COMUN VALUES(202510, 20, 102, DATE '2025-10-01', DATE '2025-10-18', 38000, 1900, 1100, 4000, 0, 0, 0, 0, 0, 45000, DATE '2025-10-18', 3, 16947140);
    COMMIT;
END;
/
